<?xml version="1.0"?>
<!DOCTYPE package-info SYSTEM "http://www.simplemachines.org/xml/package-info">
<!-- Generated by Simple Mod Maker -->
<package-info xmlns="http://www.simplemachines.org/xml/package-info" xmlns:smf="http://www.simplemachines.org/">
	<id>reslava:Backlinks</id>
	<name>Backlinks</name>
	<version>0.37</version>
	<type>modification</type>

	<install for="2.1.*">
		<require-dir name="Sources" destination="$boarddir"/>
		<require-dir name="Themes" destination="$boarddir"/>
		<hook hook="integrate_pre_load" function="reslava\Backlinks::hooks#" file="$sourcedir/Class-Backlinks.php"/>
		<require-file name="Sources/Class-Backlinks.php" destination="$sourcedir">Adding main source file</require-file>
	</install>

	<uninstall for="2.1.*">
		<hook hook="integrate_pre_load" function="reslava\Backlinks::hooks#" file="$sourcedir/Class-Backlinks.php" reverse="true"/>
		<remove-file name="$sourcedir/Class-Backlinks.php">Removing main source file</remove-file>		
		<remove-file name="$themedir/Backlinks.template.php"/>
		<remove-file name="$themedir/css/backlinks.css"/>
		<remove-file name="$languagedir/Backlinks.english.php"/>
		<remove-file name="$languagedir/Backlinks.spanish_es.php"/>
		<remove-file name="$imagesdir/backlink.png"/>		
	</uninstall>
</package-info>